{"cameraMode":{"drawMode":0,"name":"Shaded","section":"Shading Mode"},"sceneLighting":true,"audioPlay":false,"sceneViewState":{"showFog":true,"showMaterialUpdate":false,"showSkybox":true,"showFlares":true,"showImageEffects":true,"showParticleSystems":true},"in2DMode":false,"pivot":{"x":-2.2467594146728517,"y":0.0954960286617279,"z":17.880615234375},"rotation":{"x":0.35289591550827029,"y":-0.3250013291835785,"z":0.13222695887088777,"w":0.8673845529556274},"size":3.9320285320281984,"orthographic":false}